,correct,prime_Eng,Eng_start,elogit,nat_Eng,age,psychiatric
correct,1.0,0.35918767608575874,-0.44008346345941807,0.874456340856006,0.3608906533390694,0.10270845302104796,-0.1082564201273162
prime_Eng,0.35918767608575874,1.0,-0.7379420428521452,0.3908154542599504,0.9963964097267691,0.06212394981702528,0.0019316087031496692
Eng_start,-0.44008346345941807,-0.7379420428521452,1.0,-0.4375374196172692,-0.7408390208615157,0.025381480591130986,0.005651594969899953
elogit,0.874456340856006,0.3908154542599504,-0.4375374196172692,1.0,0.39263637402179097,0.1067083127114298,-0.08810711052523645
nat_Eng,0.3608906533390694,0.9963964097267691,-0.7408390208615157,0.39263637402179097,1.0,0.06343861597457703,0.002231030758603512
age,0.10270845302104796,0.06212394981702528,0.025381480591130986,0.1067083127114298,0.06343861597457703,1.0,-0.03479497355062249
psychiatric,-0.1082564201273162,0.0019316087031496692,0.005651594969899953,-0.08810711052523645,0.002231030758603512,-0.03479497355062249,1.0
