,Eng_start,prime_Eng,correct,age,nat_Eng,elogit,psychiatric
Eng_start,1.0,-0.737942042852145,-0.4400834634594182,0.025381480591130986,-0.7408390208615157,-0.4375374196172692,0.005651594969899953
prime_Eng,-0.737942042852145,1.0,0.3591876760857588,0.06212394981702528,0.9963964097267691,0.3908154542599504,0.0019316087031496692
correct,-0.4400834634594182,0.3591876760857588,1.0,0.10270845302104796,0.3608906533390694,0.874456340856006,-0.1082564201273162
age,0.025381480591130986,0.06212394981702528,0.10270845302104796,1.0,0.06343861597457703,0.10670831271142979,-0.03479497355062249
nat_Eng,-0.7408390208615157,0.9963964097267691,0.3608906533390694,0.06343861597457703,1.0,0.3926363740217909,0.002231030758603512
elogit,-0.4375374196172692,0.3908154542599504,0.874456340856006,0.10670831271142979,0.3926363740217909,1.0,-0.08810711052523645
psychiatric,0.005651594969899953,0.0019316087031496692,-0.1082564201273162,-0.03479497355062249,0.002231030758603512,-0.08810711052523645,1.0
