,correct,Eng_start,age,prime_Eng,elogit,psychiatric,nat_Eng
correct,1.0,-0.44008346345941807,0.10270845302104796,0.35918767608575874,0.874456340856006,-0.1082564201273162,0.3608906533390694
Eng_start,-0.44008346345941807,1.0,0.025381480591130986,-0.737942042852145,-0.4375374196172692,0.005651594969899953,-0.7408390208615157
age,0.10270845302104796,0.025381480591130986,1.0,0.062123949817025285,0.10670831271142979,-0.03479497355062249,0.06343861597457703
prime_Eng,0.35918767608575874,-0.737942042852145,0.062123949817025285,1.0,0.3908154542599504,0.0019316087031496692,0.9963964097267691
elogit,0.874456340856006,-0.4375374196172692,0.10670831271142979,0.3908154542599504,1.0,-0.08810711052523645,0.39263637402179097
psychiatric,-0.1082564201273162,0.005651594969899953,-0.03479497355062249,0.0019316087031496692,-0.08810711052523645,1.0,0.002231030758603511
nat_Eng,0.3608906533390694,-0.7408390208615157,0.06343861597457703,0.9963964097267691,0.39263637402179097,0.002231030758603511,1.0
