,elogit,prime_Eng,Eng_start,psychiatric,correct,age,nat_Eng
elogit,1.0,0.3908154542599504,-0.4375374196172692,-0.08810711052523645,0.8744563408560061,0.1067083127114298,0.39263637402179097
prime_Eng,0.3908154542599504,1.0,-0.7379420428521452,0.0019316087031496692,0.3591876760857588,0.06212394981702528,0.9963964097267691
Eng_start,-0.4375374196172692,-0.7379420428521452,1.0,0.005651594969899953,-0.4400834634594182,0.025381480591130986,-0.7408390208615157
psychiatric,-0.08810711052523645,0.0019316087031496692,0.005651594969899953,1.0,-0.10825642012731619,-0.0347949735506225,0.002231030758603511
correct,0.8744563408560061,0.3591876760857588,-0.4400834634594182,-0.10825642012731619,1.0,0.10270845302104796,0.3608906533390694
age,0.1067083127114298,0.06212394981702528,0.025381480591130986,-0.0347949735506225,0.10270845302104796,1.0,0.06343861597457703
nat_Eng,0.39263637402179097,0.9963964097267691,-0.7408390208615157,0.002231030758603511,0.3608906533390694,0.06343861597457703,1.0
