,elogit,prime_Eng,age,psychiatric,Eng_start,nat_Eng,correct
elogit,1.0,0.3908154542599503,0.10670831271142982,-0.08810711052523645,-0.4375374196172692,0.3926363740217909,0.8744563408560063
prime_Eng,0.3908154542599503,1.0,0.06212394981702524,0.00193160870314967,-0.7379420428521453,0.9963964097267691,0.35918767608575874
age,0.10670831271142982,0.06212394981702524,1.0,-0.03479497355062247,0.025381480591130982,0.06343861597457696,0.10270845302104797
psychiatric,-0.08810711052523645,0.00193160870314967,-0.03479497355062247,1.0,0.0056515949698999505,0.0022310307586035113,-0.10825642012731616
Eng_start,-0.4375374196172692,-0.7379420428521453,0.025381480591130982,0.0056515949698999505,1.0,-0.7408390208615155,-0.4400834634594182
nat_Eng,0.3926363740217909,0.9963964097267691,0.06343861597457696,0.0022310307586035113,-0.7408390208615155,1.0,0.3608906533390693
correct,0.8744563408560063,0.35918767608575874,0.10270845302104797,-0.10825642012731616,-0.4400834634594182,0.3608906533390693,1.0
