,nat_Eng,age,prime_Eng,elogit,Eng_start,correct
nat_Eng,1.0,-0.19824558013652693,1.0,0.6872052534558516,-0.9888472349024,0.7024393586862683
age,-0.19824558013652693,1.0,-0.19824558013652693,0.37495600130625956,0.09375567527156055,0.4239556277726256
prime_Eng,1.0,-0.19824558013652693,1.0,0.6872052534558516,-0.9888472349024,0.7024393586862683
elogit,0.6872052534558516,0.37495600130625956,0.6872052534558516,1.0,-0.7442716159748219,0.9301529349597477
Eng_start,-0.9888472349024,0.09375567527156055,-0.9888472349024,-0.7442716159748219,1.0,-0.7912459434398497
correct,0.7024393586862683,0.4239556277726256,0.7024393586862683,0.9301529349597477,-0.7912459434398497,1.0
